username,url,externalUrl,postsCount,followersCount,biography
inventorsassemble,https://www.instagram.com/inventorsassemble,https://linktr.ee/CaptainCreativity,170,6210,"ğŸ”§ Captain Creativity: STEM, 3D printing, robotics & pop culture. ğŸš€ Empowering educators & sparking innovation. ğŸŒŒ #InventorsAssemble #STEAM #3dprint"
loommocom,https://www.instagram.com/loommocom,http://www.loommo.com/,9,17,Create Stunning E-Commerce 3D Product with AI
aakar.3d,https://www.instagram.com/aakar.3d,,21,58,MAKE IN INDIA ğŸ‡®ğŸ‡³ PREMIUM - ELEGANT - TIMELESS DESIGNING_PROTOTYPING_3D MODELLING DM FOR ORDER ğŸ¤ More Info Contact On 9429090704
popcultureworlds,https://www.instagram.com/popcultureworlds,https://www.youtube.com/user/lokesc,1222,275,Be sure to check us at: https://www.youtube.com/user/lokesc #nerd #instagood #awesome #instalike #popculture #marvel #comics #toys #actionfigures
meet_visualarts,https://www.instagram.com/meet_visualarts,,59,176,Main I'd @meett_08 DM FOR PAID WORK!!
juan1vega1,https://www.instagram.com/juan1vega1,http://www.juanvega.com/,647,324,Art+Commerce=ğŸ˜Š
corradocdesign,https://www.instagram.com/corradocdesign,http://bento.me/kontroldesign,638,3055,"Exploring my curiosity at the intersection of technological innovation, design & advanced materials. Founder @kontroldesignstudio / @djkormatic"
bairn_art,https://www.instagram.com/bairn_art,,842,2017,Painting account: @bairn_paints  è¬æ˜ç¾©| 23 | ny
jeonghopark,https://www.instagram.com/jeonghopark,https://jeonghopark.de/,1014,5299,"Algorithmic Composer, Artist working with Code, Lecturer"
